{
  "cat_depth": 7,
  "cat_iter": 300,
  "cat_lr": 0.010150665434429315,
  "cat_l2": 8.339152856093508,
  "xgb_depth": 6,
  "xgb_n": 400,
  "xgb_lr": 0.08073917605382007,
  "xgb_sub": 0.6296178606936361,
  "xgb_col": 0.7433862914177091,
  "rf_n": 100,
  "rf_depth": 11,
  "rf_leaf": 21,
  "long_thresh": 0.6795616444734769,
  "short_thresh": 0.21144050305148426
}